date published,article title
2020-12-15,Türkiye ile Azerbaycan arasında yeni doğal gaz hattı anlaşması ... - qha.com.tr
2020-12-18,Bank Of America Names Top 11 Stock Picks For 2021 - Investor's Business Daily
2020-12-20,Yowell Elementary letters to Santa - Culpeper Star-Exponent
2020-12-20,I Minimi per gli Europei U23-Promesse di Bergen 2021 - Queen Atletica
2020-12-29,Karabağ'da Ermeni terörü: Azerbaycan askerini diri diri yaktılar! - qha.com.tr
2021-01-02,'Why people must be wary of MDC-T leader Douglas Mwonzora' - Nehanda Radio
2021-01-03,Best Female Rappers of 2020 | Women In Hip Hop - HipHopDX
2021-01-05,Garth Brooks Calls Blake Shelton the 'Most Regular Guy On the ... - Everything Nash
2021-01-06,Kamaiyah | Eyes The Throne — Flaunt Magazine - Flaunt
2021-01-07,Truck drivers give border authorities torrid time - Nehanda Radio
2021-01-15,Upgraded Soviet-built warships to increase Russian Navy capabilities - Naval News
2021-01-22,HELPING: Grillbird expands 'pay it forward' gift-card idea to 'give a ... - West Seattle Blog
2021-01-25,Atlanta paper and packaging giant WestRock Co. faces ransomware ... - The Business Journals
2021-01-25,"Rumlar, Beşparmak Dağları'ndaki dev Türk bayrağını diline doladı - qha.com.tr"
2021-01-26,WestRock Provides Update on Ransomware Incident - businesswire.com
2021-01-29,"Terril Brothers, Inc. Buys BTC - GuruFocus.com"
2021-02-02,WestRock Company Stock Drops 11% In A Week – What To Expect? - Forbes
2021-02-04,Domino Sugar is replacing its massive neon sign in Baltimore. They ... - Frederick News Post
2021-02-09,Toronto Dominion Bank Buys Roy - GuruFocus.com
2021-02-09,Interfor to Acquire South Carolina Sawmill from WestRock - GlobeNewswire
2021-02-11,"W206 Mercedes-Benz C-Class details: S-Class tech, MHEV 4-cyl ... - Paul Tan's Automotive News"
2021-02-12,"WestRock ransomware attack caused production, shipping ... - The Business Journals"
2021-02-16,W206 Mercedes-Benz C-Class teased with funky new grille design ... - Paul Tan's Automotive News
2021-02-18,She Found A Lump In Her Breast After Running Marathon. Now She ... - Town Square Delaware
2021-02-23,Grant helps Eden Property fix up Franklin Square - Iron Mountain Daily News
2021-02-28,SPYSHOTS: Perodua Ativa sighted with GearUp kit - paultan.org - Paul Tan's Automotive News
2021-03-01,Fact Mix 797: musclecars - FACT
2021-03-02,WestRock Announces Chief Executive Officer Succession Steven C ... - businesswire.com
2021-03-05,"Packaging Corp. of America stock rises Friday, still underperforms market - MarketWatch"
2021-03-08,How To Invest In A Down Market - Seeking Alpha
2021-03-11,Netflix Is Testing A Way To Limit Password Sharing - Deadline
2021-03-12,Activists seek court's help to protect Abaco homes under threat - Bahamas Tribune
2021-03-18,Laravel Octane - Laravel News
2021-03-18,Çin Dışişleri Bakanı Wang Yi'yi protestolu karşılama bekliyor - qha.com.tr
2021-03-19,wrk - a HTTP benchmarking tool - Laravel News
2021-03-20,"Prayer, work carve Ambassador Angel - Nehanda Radio"
2021-03-23,2022 Honda Civic Sedan production car snapped in daylight - 11th ... - Paul Tan's Automotive News
2021-03-25,Vancouver Startup Week will feature more than 50 exciting virtual ... - Populist
2021-03-26,"Güney Kıbrıs Rum Kesimi'nde camiye haç resmi çizip, Türklere ölüm ... - qha.com.tr"
2021-03-31,"These stocks could benefit from $4 trillion of infrastructure spending, according to Bank of America - MarketWatch"
2021-04-01,2021 Trends in Trademarks | Dechert LLP - JDSupra - JD Supra
2021-04-02,Irul Movie Review: Here's what audience has to say about Fahadh Faasil starrer mystery crime thriller - PINKVILLA
2021-04-05,When Aamir Khan Praised Sunny Leone’s ‘Grace’ & Shared His Wish Of Working With Her - Koimoi
2021-04-06,Brooklyn-Based Rachael Tarravechia + Anthony Eslick's “New York ... - Cool Hunting
2021-04-14,"ABD, savaş gemilerini Karadeniz'e götürmekten vazgeçti - qha.com.tr"
2021-04-15,Johnny get your gun … in Newtonville - village14.com
2021-04-19,"Kırgızistan, koronavirüsün ilacını buldu: Zehirli Kurtboğan otu... - qha.com.tr"
2021-04-21,Çeçenistan'ın bağımsızlık sembolü şehit Cahar Dudayev - qha.com.tr
2021-04-28,Should You Buy Westrock Stock At $54? - Forbes
2021-04-29,2022 Honda Civic Sedan makes its full debut - all-new styling; more ... - Paul Tan's Automotive News
2021-05-08,Women are being forced out of work. This N.J. mom created a network to help them. - NJ.com
2021-05-09,"""STR and myself watched the film... effective, adorable...!"" - Maanaadu producer shares a BIG... - Behindwoods"
2021-05-10,WestRock Recognized for Outstanding Merchandising Achievement - businesswire.com
2021-05-12,New Orlando businesses for week of April 11 - Orlando Sentinel
2021-05-14,Sarah Ketterer's Top 5 Trades of the 1st Quarter - Yahoo Finance
2021-05-16,Jamaican Stacey-Ann Williams wins Big 12 400m title - Trackalerts
2021-05-21,STAG Industrial Could Be Your Ticket To Wealth (NYSE:STAG) - Seeking Alpha
2021-05-26,"Fairfield County real estate transactions from May 10 to 14, 2021 - Lancaster Eagle Gazette"
2021-05-29,Türk milli cimnastikçi Ayşe Begüm Onbaşı dünya şampiyonu oldu - qha.com.tr
2021-05-31,"""Alinikatia Nikakubali"": Laikipia Woman Rep. Cate Waruguru ... - Mwakilishi.com"
2021-05-31,Fact Mix 810: Britton Powell - FACT
2021-06-02,WestRock Announces Commercial and Operational Leadership ... - businesswire.com
2021-06-10,The Railyard in Lincoln goes under new management - KOLN
2021-06-13,"Domtar: Paper Excellence Acquisition Likely To Materialize, Stay ... - Seeking Alpha"
2021-06-14,Abrar Qazi and Sargun Kaur Luthra’s hard work takes you along the path to success: Yeh Hai Chahatein actress Indira Krishnan - Tellychakkar
2021-06-15,retailX and WestRock Announce SmartCommerce Partnership - businesswire.com
2021-06-15,VIDEO | Energizing The Warehouse in Wilmington | The Latest from ... - 1150AM/101.7FM WDEL
2021-06-17,WestRock Introduces EverGrow™ Fiber-Based Produce Packaging ... - businesswire.com
2021-06-17,Pepper Spray bill passed in Trinidad and Tobago parliament - WIC News
2021-06-22,PHOTOS: Cage Added to Jurassic World VelociCoaster Bridge to ... - WDW News Today
2021-06-22,COMMENTARY: Kalinago Territory Housing Scandal - EDF/11 ... - Dominica News Online
2021-06-24,WestRock Commits to Emissions Reductions; Pledges to Set a ... - businesswire.com
2021-06-24,Trauma nurse jumps into action to help man shot in Wilmington park - The News Journal
2021-06-28,Fact Mix 814: Loraine James - FACT
2021-06-28,Bobby Salazar linked to multiple alleged 'firebombing' attacks amid ... - The San Joaquin Valley Sun
2021-07-09,Artists to stage independence showcase - Bahamas Tribune
2021-07-10,"Virginia halts admissions at Catawba Hospital, four other mental ... - WSLS 10"
2021-07-12,The multistep process of vaginal cancer arising from deep infiltrating ... - BioMed Central
2021-07-16,Op-ed: Don't Squander the Dumbarton Rail Corridor - Streetsblog San Francisco
2021-07-18,"Video: Woman tracks down man who stole her car, confronts him with her fists - The Daily Dot"
2021-07-19,Trinseo (TSE): The World's Cheapest Chemical Stock Spells ... - Seeking Alpha
2021-07-22,Gary Stockbridge: President of Delmarva Power and Atlantic City Electric - Delaware Business Times
2021-07-26,blockWRK Raises $2 Million To Launch First App That Rewards Employees With Crypto - Yahoo Finance
2021-07-26,"Ellis Investment Partners, LLC - GuruFocus.com"
2021-07-26,Blockchain app launched - Royal Gazette
2021-08-05,Timber & Forestry Index ETF WOOD: Value Beyond Lumber Prices ... - Seeking Alpha
2021-08-05,Is Lucid Motors Stock A Buy Or Sell After Recent SPAC Merger ... - Seeking Alpha
2021-08-09,Angelina Spicer tells jokes to power her 'Postpartum Revolution' - The News Journal
2021-08-12,Form N-PX AIM COUNSELOR SERIES For: Jun 30 - StreetInsider.com
2021-08-16,Billionaire Kraft's paper mill causes pollution crisis in South Carolina - Reuters.com
2021-08-18,Commonwealth Opens New Washington D.C. Store - HYPEBEAST
2021-08-19,Commonwealth DC Vandy the Pink Reopening Pop-Up - Highsnobiety
2021-08-19,Form N-PX ETF Series Solutions For: Jun 30 - StreetInsider.com
2021-08-19,Revisiting International Paper (NYSE:IP) - Seeking Alpha
2021-08-19,"Learning Pods, Microschools Planned To Take Kids Out Of State ... - Town Square Delaware"
2021-08-20,Gorantla upset with TDP boss over money matters? - Greatandhra
2021-08-20,Whose Employee Is It Anyway: PEOs and Workers' Compensation ... - JD Supra
2021-08-21,تنزيل لعبة الدمية المتحركة 2021 Doll Makeover‏ - تابع مصر
2021-08-25,Form N-PX Voya PARTNERS INC For: Jun 30 - StreetInsider.com
2021-08-26,Nationality at point of National Insurance number registration of ... - GOV.UK
2021-08-26,Slough town centre barista coffee shop to open at Future Works - Berkshire Live
2021-08-27,32 Nordstrom fashion picks to refresh your wardrobe for fall - CNN Underscored
2021-08-30,France scales back economic support for Covid-hit businesses as ... - The Local France
2021-08-31,2021 Best Places to Work:Atrium Management Co. among winners ... - The Business Journals
2021-09-02,"Update: Flooding, evacuations after remnants of Ida sweep through ... - delawarebusinessnow.com"
2021-09-02,2021 Best Places to Work: DPR Construction among winners ... - The Business Journals
2021-09-03,Wilmington Assesses Damage As City Cleans Up After Record ... - Town Square Delaware
2021-09-10,The All-New 2022 Subaru WRX is a Cold Booger. - Medium
2021-09-13,Secureworks CEO Wendy Thomas: Companies 'as strong as ... - The Business Journals
2021-09-14,"At Laurelwood Arboretum, Sculptures Mingle Among Nature | New ... - New Jersey Monthly"
2021-09-15,Sam's Club sets $15 as its minimum wage - Rochester Post Bulletin
2021-09-18,How BCCI’s Poor Treatment Of Kohli Is Maligning Ganguly’s Legacy As An Administrator - MensXP.com
2021-09-20,A Scanner Brightly - rvamag.com
2021-09-21,"Hampton, Herring selected for Del. Business Hall of Fame - Delaware Business Times"
2021-09-21,2021 Best Places to Work: Dwell Design Studio among winners ... - The Business Journals
2021-09-24,UNICEF Pledges to Scale Up Support in Amhara Region - - Walta Information Center
2021-09-25,‘Virgin River’ Season 4 Spoilers — What’s Next After Netflix Renewal - TVLine
2021-09-25,"These stocks are in bear-market territory, but Wall Street expects them to soar as much as 68% - MarketWatch"
2021-09-26,3 Great Stocks That Pay You Each Month - The Motley Fool
2021-09-28,"Retired, international housing highlight 2100 Vine redevelopment ... - Nebraska Today"
2021-10-04,$26.4M American Rescue Plan Investment in Wilmington Housing ... - news.delaware.gov
2021-10-06,A Balanced Solution - rvamag.com
2021-10-08,REACH Riverside builds momentum in Wilmington | Delaware First ... - Delaware First Media
2021-10-08,Ethiopian Airlines Refutes CNN's Report - - Walta Information Center
2021-10-11,Fact Mix 829: DJ Manny - FACT
2021-10-14,Disney workers praise new $15 minimum wage: 'I can do the things ... - Rochester Post Bulletin
2021-10-14,Türkiye'nin ilk Cengiz Aytmatov Müzesi Eskişehir'de hizmet veriyor - qha.com.tr
2021-10-19,These Are The Ten Biggest Paper And Forest Products Companies - ValueWalk
2021-10-20,Antalya Kırgızistan Başkonsolosluğu açılıyor - Kırım Haber Ajansı - qha.com.tr
2021-10-21,WestRock Co. to invest $47M in expansion of Catawba County ... - The Business Journals
2021-10-26,WestRock Announces Executive Vice President and Chief Financial ... - businesswire.com
2021-10-27,"How to be ‘digital first, but not digital only’ - Fortune"
2021-10-28,Eren Operasyonları kapsamında bölücü terör örgütü PKK'ya ağır ... - qha.com.tr
2021-10-29,80% Of Women Demand An End To Systemic Discrimination - Forbes
2021-10-29,Plans underway for new Amazon facility in Woodburn - The Bulletin
2021-11-01,EZ Pass Lanes On I-95 Closed This Week – Town Square Delaware ... - Town Square Delaware
2021-11-01,WestRock Again Honored for Innovative Design Excellence by ... - businesswire.com
2021-11-03,62-year-old logger dies due to widowmaker limb on Menominee Indian Reservation - WeAreGreenBay.com
2021-11-03,Treasurer of the State of Nort - GuruFocus.com
2021-11-04,Cookson Peirce & Co Inc Buys A - GuruFocus.com
2021-11-05,WestRock Stock: Disconnect Between Perception & Reality (NYSE ... - Seeking Alpha
2021-11-15,WESTROCK CO : Change in Directors or Principal Officers (form 8-K) - Marketscreener.com
2021-11-22,Kripto Listeleme ve Delist Duyuruları: 47. Hafta - Cryptonews Turkey
2021-11-24,How your employer can keep track of your work at home - Rochester Post Bulletin
2021-11-24,"Wojo's Pigskin Picks: The Game is back, in all its nasty, boorish ... - Detroit News"
2021-11-29,Fact Mix 836: Sockethead - FACT
2021-12-08,Rescue Dogs Transported Through El Paso To Their Forever Homes - klaq.com
2021-12-09,Beşiktaş Teknik Direktörü Sergen Yalçın görevinden istifa etti - qha.com.tr
2021-12-10,PHOTOS: Queue Murals Restored After Previous Murals Destroyed ... - WDW News Today
2021-12-14,FM Demeke Says Preparations to Respond to Disasters in Ethiopia ... - Walta Information Center
2021-12-15,"Subaru Ascent, Legacy, and Outback Recalled for Transmission ... - Consumer Reports"
2021-12-15,American Airlines plans to hire 18000 workers in 2022 - Rochester Post Bulletin
2021-12-15,"U.S. RESEARCH ROUNDUP Azek Company, Galera Therapeutics ... - Reuters"
2021-12-18,The End Of The Electromechanical Era - Hackaday
2021-12-20,"Kırgızistan, Bayraktar SİHA'larını sınır hattına yerleştirdi - qha.com.tr"
2021-12-21,Luxury Daily - Luxury Daily
2021-12-21,Clearwater Paper could become acquisition target for ... - Seeking Alpha
2021-12-22,Mısır'da Özbekistanlı ilahiyat öğrencileri gözaltına alındı - qha.com.tr
2021-12-24,"Tech has been a mixed bag, but here are the top ASX tech stocks in 2021 - Stockhead"
2021-12-26,"Subaru recalls over 198,000 vehicles because Drive Chain May ... - Clarksville Online"
2021-12-29,Apple aims to prevent defections to Meta with rare $180000 ... - Rochester Post Bulletin
2021-12-29,"These stocks are down at least 20% from 2021 highs, but Wall Street sees them gaining as much as 87% in 2022 - MarketWatch"
2022-01-05,Packaging Corporation of America: No Longer 'Return To Sender ... - Seeking Alpha
2022-01-05,"Which tech players gained the most in 2021, and what trends can we expect in 2022? - Stockhead"
2022-01-06,"2022 Honda Civic in Malaysia - 3 variants, 1.5L VTEC Turbo engine ... - Paul Tan's Automotive News"
2022-01-07,"William Ryan Key releases latest single ""Brighton"" - Substream Magazine"
2022-01-07,ViacomCBS Stock: Buy Before Everyone Else Does (NASDAQ:VIAC) - Seeking Alpha
2022-01-10,El Paso Family Desperately Searching For Their Dog Lost At White ... - klaq.com
2022-01-10,"Crossmark Global Holdings, Inc. Buys Cigna Corp, Honda Motor Co, Crown Castle International ... - Yahoo Finance"
2022-01-11,Grupo Modelo Partners With WestRock and Grupo Gondi in Trans - CSRwire.com
2022-01-11,Gedling MP and council leaders clash over delayed rollout of Omicron business grants in borough - Gedling Eye
2022-01-12,Four reasons why value stocks are poised to outperform growth in 2022 — and 14 stocks to consider - MarketWatch
2022-01-12,Top 22 Packaging Companies in USA - Insider Monkey
2022-01-13,Sirf Tum's Vivian Dsena relates to his on screen character; Says ‘I am getting to live college life via show’ - PINKVILLA
2022-01-13,TSE & DOW: Extraordinary Times As Value Rotation Begins (NYSE ... - Seeking Alpha
2022-01-17,"International Paper Stock Remains Undervalued, Buy (NYSE:IP) - Seeking Alpha"
2022-01-18,"Black Leaders, Activists Split On Darius Brown Ethics Inquiry – Town ... - Town Square Delaware"
2022-01-18,Keeping Your Dog Chained Up Is Now Illegal- Here's How To Report - klaq.com
2022-01-21,Fantic And UBCO Ink Distribution Deal With Tucker Powersports - RideApart
2022-01-24,"International Paper, WestRock and Graphic Packaging are expected ... - Seeking Alpha"
2022-01-25,Signs Warn Kern Place Neighbors Of Potential Cat Killer - klaq.com
2022-01-26,The SARK Vs. ARKK ETF Battle: Wanna Bet Against Cathie Wood? - Seeking Alpha
2022-01-27,Akıncı TİHA ihracatı Ukrayna yolcusu mu? - Kırım Haber Ajansı - qha.com.tr
2022-02-01,Olin Stock: A Gift And An Easy Double. (NYSE:OLN) - Seeking Alpha
2022-02-01,The Retiree's Dividend Portfolio - John's December Update: Year ... - Seeking Alpha
2022-02-02,Wrk Technologies raises $43M as it bids to simplify business ... - SiliconANGLE News
2022-02-02,"Smith Group Asset Management, LLC Buys Zebra Technologies Corp, Pfizer Inc, American Express ... - Yahoo Finance"
2022-02-03,"Total Clarity Wealth Management, Inc. Buys Vanguard Total International Stock, First Trust ... - Yahoo Finance"
2022-02-03,LexisNexis Risk Solutions Launches Insurance Customer Data - MarTech Series
2022-02-03,"EngageSmart Appoints Kevin O'Brien as President, Enterprise ... - MarTech Series"
2022-02-04,Elon Musk’s neurotechnology unicorn may have misled the SEC: Here’s how that could get ugly - Fortune
2022-02-05,Tarihte kanlı bir sayfa: Doğu Türkistan Gulca'daki katliamın 25. yıl ... - qha.com.tr
2022-02-06,Spotify CEO “Deeply Sorry” To Staff Regarding Joe Rogan N-Word Controversy - Deadline
2022-02-07,Fact Mix 845: Turkana - FACT
2022-02-08,Wrk Technologies Raises $55M in Series A Funding - FinSMEs
2022-02-08,Trulioo Acquires No-Code Orchestration Solution HelloFlow to ... - MarTech Series
2022-02-08,"State Board Of Administration Of Florida Retiremen Buys Canadian Pacific Railway, VMware Inc, ... - Yahoo Finance"
2022-02-09,Swiss Chalet's wins PAC Global Award for Sustainability for new ... - Canada NewsWire
2022-02-10,3 Lumber Stocks to Buy for Growth and Dividends - Nasdaq
2022-02-11,Yellowcard's William Ryan Key is Seeking to Escape the Past on ... - American Songwriter
2022-02-11,Widespread opposition from workers to USW sellout at Newport ... - WSWS
2022-02-14,Bridgewater Associates Buys Al - GuruFocus.com
2022-02-14,"Partners in Business, Partners in Life: Architecture Couples Discuss ... - Archinect"
2022-02-14,Fact Mix 846: Ehua - FACT
2022-02-14,The Commonwealth Cup Runneth Over - rvamag.com
2022-02-14,Kurt Russell and Goldie Hawn's Sweetest Photos with Their Grandchildren - Yahoo Movies Canada
2022-02-16,MLM 2 and Warburg Pincus Acquire Minesoft - MarTech Series
2022-02-16,Developers offer new plan for adding condos to former YWCA building in Lincoln - Lincoln Journal Star
2022-02-17,21 Stocks That Will Profit From Rising Interest Rates - Barron's
2022-02-17,Graphic Packaging: Kicking Into A Higher Gear (NYSE:GPK) - Seeking Alpha
2022-02-18,"William Ryan Key Releases EP, 'Everything Except Desire' - CelebMix"
2022-02-20,Sylvamo Stock: Potential Future Payout Increase (NYSE:SLVM) - Seeking Alpha
2022-02-21,Fact Mix 847: DJ Lyster - FACT
2022-02-21,"Ci ha lasciato Manuela Furlan, master e sprinter del passato - Queen Atletica"
2022-02-25,The Warehouse Introduces RISE: Reaching and Investing in Youth ... - PR Newswire
2022-02-25,Barclays donates $500K to RISE teen career training - Delaware Business Times
2022-02-25,"El Paso Owners Demand Change, Why Have So Many Dogs Died ... - klaq.com"
2022-02-28,Fact Mix 848: Bored Lord - FACT
2022-02-28,Product Should be at the Heart of Your Marketing Strategy - MarTech Series
2022-03-01,"Pasadena Historic Building: From Hay to Heyday, and Back - coloradoboulevard.net"
2022-03-02,"New London-Based Social Media App, Frog, To Rival Competitors ... - MarTech Series"
2022-03-03,Mushrooms: The Next Big Thing in Environmentally-Friendly Packaging and Construction? - Nasdaq
2022-03-08,"Prof. Dr. Sezai Özçelik, Rusya'nın ikinci adamları Lavrov ve Şoygu ... - qha.com.tr"
2022-03-09,Alex Roepers' Atlantic Investment Management Portfolio Update - Seeking Alpha
2022-03-11,The Role Of Email Signatures In Building A Consistent Brand Image - MarTech Series
2022-03-11,WestRock : CHANGE IN CONTROL SEVERANCE AGREEMENT ... - Marketscreener.com
2022-03-12,Mechanical performance of sustainable high strength ductile fiber ... - Nature.com
2022-03-15,Ghosting Ex-Husband Gets What's Coming For Him When Ex-Wife ... - Bored Panda
2022-03-18,Crypto Company Jacy Plans to Revolutionize the Way People ... - MarTech Series
2022-03-24,Sonoco Products Stock: An Attractive Prospect In Packaging (NYSE ... - Seeking Alpha
2022-03-25,Metaphysic to Enable Users to Generate Photo-Realistic Avatars ... - MarTech Series
2022-03-28,B&M and Baylis & Harding recalling products due to safety concerns - Eastern Daily Press
2022-03-29,"In his latest tweet about a cat and two crows, Anand Mahindra talks ... - The Indian Express"
2022-03-30,"Jeff Charney, 2021 'Brand CMO of the Year,' launches MKHSTRY ... - PR Newswire"
2022-03-31,"Alpa Sutaria Joins WestRock as Senior Vice President, Strategy and ... - businesswire.com"
2022-04-02,COMMENTARY: La Plaine will always be on our minds and in our ... - Dominica News Online
2022-04-03,Packaging Corporation of America: Might Be Worth Packing The Stock - Seeking Alpha
2022-04-05,A Guide to Moveltraxx's Street Bangers - bandcamp.com
2022-04-06,Tri-branched gels: Rubbery materials with the lowest branching ... - Science
2022-04-07,"WestRock to Close Panama City, Florida, Paper Mill - businesswire.com"
2022-04-12,Luxury Daily - Luxury Daily
2022-04-14,"When symptoms linger for weeks, is it long COVID? - Duluth News Tribune"
2022-04-16,"Comments for Kardashians Cut Line at Disneyland, Shut Down ... - Inside the Magic"
2022-04-18,Containerboard pricing breakdown surprises to the downside - Seeking Alpha
2022-04-21,NEW YORK APPEALS COURT CONFIRMS CONSTRUCTION ... - PR Newswire
2022-04-26,City review narrowly recommends major Wynwood project - Miami Today
2022-04-28,Design-First Approach to API Development: How to Implement and ... - InfoQ.com
2022-04-29,Vignesh Shivan pours his love for Nayan in an emotional post along ... - Telugu Cinema - IndiaGlitz
2022-04-29,"Vignesh Shivan Proudly Calls His To-Be-Wife, Nayanthara, 'Kanmani' In A Heart-Melting Note For Her - BollywoodShaadis.com"
2022-04-30,The Retiree's Dividend Portfolio - Several Double-Digit Dividend ... - Seeking Alpha
2022-04-30,Trending South News Today: RRR actor Jr NTR trolled for his 'nakli ... - Bollywood Life
2022-04-30,"""All holidays in Nigeria should be cancelled"" – Dangote's son-in-law ... - YabaLeftOnline News"
2022-05-02,Fact Mix 857: Sarra Wild - FACT
2022-05-03,Ingevity Stock: ESG Chemicals Company To Put On Watchlist - Seeking Alpha
2022-05-04,"After a three year hiatus, Queen Victoria Market returns with huge ... - Beat Magazine"
2022-05-06,Dream-Swept Impressions - rvamag.com
2022-05-06,Nayanthara & Vignesh Shivan visit Shirdi following 'Kaathuvaakula Rendu Kaadhal's success - Republic World
2022-05-07,"Stocks To Watch: Peloton, Rivian And Under Armour Look For ... - Seeking Alpha"
2022-05-09,Offshore Wind Research To Begin Near DE Seashore State Park ... - Town Square Delaware
2022-05-10,CRFT* WRK brings cutting-edge makers to Queen Vic Market - Beat Magazine
2022-05-10,'& Juliet': Melbourne's exclusive pop musical reimagining ... - Beat Magazine
2022-05-11,Amcor Stock: Set To Create All-Time High In Today's Bearish Market ... - Seeking Alpha
2022-05-13,WestRock: Price Increase Over Cost Inflation (NYSE:WRK) - Seeking Alpha
2022-05-15,Most likely large-cap and small-cap merger candidates -BofA - Seeking Alpha
2022-05-18,Pit Beirer: Joan Mir kommt nicht – Gardner fraglich - SPEEDWEEK.COM
2022-05-19,Burnout in the tech sector: Why is it happening and what are the solutions? - IT World Canada
2022-05-19,3M Repair Rewards Program - Collision Repair Magazine
2022-05-20,Gelation of highly entangled hydrophobic macromolecular fluid for ... - Science
2022-05-20,WestRock Co.'s Ward Dickson credits building relationships and ... - The Business Journals
2022-05-23,Latest Project 20380 corvette embarks on sea trials | Shephard - Shephard News
2022-05-23,Fact Mix 860: Manuka Honey - FACT
2022-05-24,Top 10 at 10: Which ASX stock is proposing a share buyback? - Stockhead
2022-05-25,Baharın müjdecisi Tepreş Şenliği Ballıkpınar'da kutlanacak - qha.com.tr
2022-05-26,RealLIST Connectors 2022: These 22 leaders link Delaware with ... - Technical.ly
2022-05-26,Catch this African Festival at Queen Vic Market this weekend - Beat Magazine
2022-05-26,Sniper Elite 5: Spy Academy Workbench locations guide (Mission 3) - PC Invasion
2022-05-27,11th annual Give to Lincoln Day breaks records - KOLN
2022-05-27,Sniper Elite 5: Secret Weapons Workbench locations guide (Mission 7) - PC Invasion
2022-05-29,D.L. Hughley CLAPS BACK at Mo’Nique: “The Role You Played in Precious Turned Out to Be an Autob... - ThatGrapeJuice
2022-06-03,"Skip Bayless, Shannon Sharpe Hit Back at Kevin Durant - Heavy.com"
2022-06-03,There's a doughnut festival happening at the Queen Vic Market this ... - Beat Magazine
2022-06-03,"Amazon, Domino's among additions to BofA's Alpha Surprise screen - Seeking Alpha"
2022-06-03,Port of Amsterdam Selected Responsible Wood Construction - AZoBuild
2022-06-04,Canadian Telecom Stocks for Dividend Investors: BCE vs. TELUS ... - Investing.com Canada
2022-06-06,Tracking Alex Roepers' Atlantic Investment Management Portfolio ... - Seeking Alpha
2022-06-06,Young violinist kicks off Noon Hour Concerts season - Park Rapids Enterprise
2022-06-06,"In Move Sending Shockwaves Through P/E-Backed Deals, Thoma ... - Investing.com Canada"
2022-06-07,Actress Nayanthara & Filmmaker Vignesh Shivan Tie The Knot ... - 5 Dariya News
2022-06-08,"Oysters, Burgers, Brews Among New Delaware Beach Eats – Town ... - Town Square Delaware"
2022-06-08,The referee gave Zambia imaginary free kicks- Comoros boss. - zambianfootball.co.zm
2022-06-08,"IT-BPM posts higher revenue, headcount in 2021: group - ABS-CBN News"
2022-06-09,Delaware House Votes To Ban Semi-automatic Firearms – Town ... - Town Square Delaware
2022-06-13,UBCO 2X2 ADV Ride Review | Motorcyclist - Motorcyclist
2022-06-14,"Melbourne's new cutting-edge craft fair, Crft*wrk, is popping up at QVM - Time Out"
2022-06-14,Rus ordusu 32 bin 500 askerini ve 213 savaş uçağını kaybetti - qha.com.tr
2022-06-17,“You Lost Me At Money”: Client Is Surprised Getting A Tattoo Isn't ... - Bored Panda
2022-06-17,Retirees: Strengthen Your Portfolio With These 3 Safe Canadian ... - Investing.com Canada
2022-06-20,Fact Mix 864: Bloomfeld - FACT
2022-06-21,"Cramer watching Tuesday — Kellogg to split, Biden vs. oil ... - CNBC"
2022-06-21,THIS Idol Gains Attention Following Cameo in GOT7 Youngjae's 'Sugar' MV - Who Is She? - Kpopstarz
2022-06-23,High-rise of the future has a unique modular design... - Inhabitat
2022-06-24,The Lumber Shack Restaurant | Creative | ocolly.com - Daily O'Collegian
2022-06-24,What's on this weekend across Australia: June 24-26 - RUSSH
2022-06-26,"At Microsoft, a back-to-office 'normal' may not happen this year - Billings Gazette"
2022-06-26,Stay Cool in Style With a Performance Dress Shirt This Summer - Yahoo Life
2022-06-27,"Novartis Endorses the Kigali Declaration on NTDs, Announces ... - Walta Information Center"
2022-06-29,Wrkr (ASX:WRK) extends CEO services contract - The Market Herald
2022-06-29,2022 Mazda CX-8 launched in Malaysia: new 2.5L turbo for three ... - Paul Tan's Automotive News
2022-07-05,"‘We cannot compete,’ Chester County sheriff says of vacancies - Daily Local News"
2022-07-05,VCE vs. XIC: Which Index ETF Is the Better Buy for Canadian ... - Investing.com Canada
2022-07-08,"Altria Stock Crashed: With A Yield Near 9%, Is It A Buy Or Sell ... - Seeking Alpha"
2022-07-11,Fact Mix 867: E-Saggila - FACT
2022-07-11,Goldman screens stocks most and least vulnerable to recession ... - Seeking Alpha
2022-07-13,"Milano, l'Automa Settala protagonista della 23esima Esposizione ... - Il Gazzettino Metropolitano"
2022-07-14,Prefabricated building in Amsterdam is made entirely of wood... - Inhabitat
2022-07-15,"Gen V - ""The Boys"" Spinoff Series from Amazon Gets an Official Title - Bloody Disgusting"
2022-07-16,"Osun Election: Rushing To Abuja Cannot Save Oyetola, PDP Tells Tinubu - Channels Television"
2022-07-16,"Subaru Outback, Legacy Recall - Drive Chain Break May Cause Loss Of Power - Torque News"
2022-07-17,"Adeleke’s Victory Redeems Osun People From Mediocrity, Empty Promises – PDP National Chairman - Channels Television"
2022-07-18,Life With UBCO 2x2 ADV: First Ride - RideApart
2022-07-22,"Rental truck stolen from UofL dental student found, but nothing of value inside he says - WLKY Louisville"
2022-07-25,Fact Mix 869: MLE - FACT
2022-07-26,"Watching 'Harmonious' with MagicBand+ Works Fine, But Is It Worth ... - WDW News Today"
2022-07-26,Heine Brothers workers to hold union vote after alleging unfair labor practices - WLKY Louisville
2022-07-27,Sonoco Products Company Stock: Expect Strength To Continue ... - Seeking Alpha
2022-07-27,QVM turns up the heat in winter with a host of events and activities - CDB News
2022-07-27,There's a contemporary craft fair coming to Queen Vic Market this ... - Beat Magazine
2022-07-27,WestRock To Acquire Grupo Gondi - Nasdaq
2022-07-27,WestRock to Acquire Remaining Interest in Grupo Gondi - businesswire.com
2022-07-28,"WOOD Is More Lumber Than Just Timber, And We Like Lumber ... - Seeking Alpha"
2022-07-28,"Woman, 102, says STAYING SINGLE is the key to a long healthy life - The South African"
2022-07-29,WestRock Announces Dmitri L. Stockton Elected to Board of Directors - businesswire.com
2022-07-29,"Robert Olstein Buys Scotts Miracle-Gro, Boosts 2 Top Holdings - Forbes"
2022-07-29,"Investing Club: The week in review, the week ahead — July 29, 2022 - CNBC"
2022-07-30,What's Kompany done to Burnley?! New-look Clarets playing ... - Goal.com
2022-07-30,What's Kompany done to Burnley?! New-look Clarets playing different brand of football under ex-Man City star - Goal.com
2022-08-03,Barely Legal Customs Club Picks: – Central Wisconsin News - CW Media
2022-08-03,Putting In Work: How Percell Dugger Is Extending Grace Within The ... - EDITION by Modern Luxury
2022-08-04,"AC3, Powernet, Nintex among Australia's best places to work - CRN Australia"
2022-08-04,2021 Top Malware Strains | CISA - US-CERT
2022-08-04,There's a market dedicated to all things retro happening next weekend - Beat Magazine
2022-08-05,WestRock (WRK) Q3 2022 Earnings Call Transcript - The Motley Fool
2022-08-05,"‘These people are not your friends’: Employee says you can’t trust co-workers, sparking debate - The Daily Dot"
2022-08-05,A bonanza of finals for Jamaica in Cali - Trackalerts
2022-08-05,2021 Top Malware Strains | Cyber.gov.au - Australian Cyber Security Centre
2022-08-05,Allan Cubas Says Him & Lil Wayne Have Close To 50 Songs Done - Lil Wayne Fansite
2022-08-07,Packaging Corporation Stock: A High-Yielder You Will Like (NYSE ... - Seeking Alpha
2022-08-07,RETURN ZAPU PROPERTIES : JABU SIBANDA IMPLORES GOVT - NewsdzeZimbabwe
2022-08-08,STLD: 5 Dividend Stocks to Get in on Until the Market Turns Around - StockNews.com
2022-08-09,"Danger Mouse/Black Thought collaboration, Goo Goo Dolls, Erasure lead this week’s new music releases - cleveland.com"
2022-08-09,WestRock Partners With Budějovický Budvar and Mattoni 1873 to Advance Circularity Efforts in Czech Republic Beverage Industry - Yahoo Finance
2022-08-11,"Regents approve contract extension, pay raise for NU president - Lincoln Journal Star"
2022-08-11,The Inverse Jim Cramer Strategy - Seeking Alpha
2022-08-16,REACH Riverside cuts ribbon on first homes - Delaware Business Times
2022-08-16,Mayor strikes deals to end decade-long Peoplestown land battle - Urbanize
2022-08-18,4 Ways Companies Can Support Working Parents Juggling Back To ... - Forbes
2022-08-18,Form N-PX Columbia ETF Trust I For: Jun 30 - StreetInsider.com
2022-08-22,The STAPLE x Cole Haan 5.ZERØGRAND WRK Sneaker Debuts ... - KicksOnFire.com
2022-08-23,"NYC Zazzy's Pizza Opens Wynwood Location + Miami Rent Stalls - Miami, FL Patch"
2022-08-23,Ardagh Stock: A 100-200% Return Potential (NYSE:AMBP) - Seeking Alpha
2022-08-24,"Gallery exhibits published Aug. 24, 2022 - West Central Tribune"
2022-08-24,60 Superb Things To Do In Melbourne This September - Secret Melbourne
2022-08-25,"Castle Hills Welcomes Families Back With BBQ, Haircuts – Town ... - Town Square Delaware"
2022-08-29,Avery Dennison Stock: Further Upside Potential Exists (AVY) - Seeking Alpha
2022-08-29,Fact Mix 874: Cõvco - FACT
2022-08-29,WestRock (WRK) Down 20% in a Year: What's Hurting the Stock? - Yahoo Finance
2022-08-29,What Does WestRock Company's (NYSE:WRK) Share Price Indicate? - Simply Wall St
2022-08-30,Do Your Feelings About Gender Roles Influence How You Manage ... - Forbes
2022-08-31,"‘Good morning, Jamaica!’ The voice of a beloved broadcaster falls silent - Global Voices"
2022-08-31,Delta Pilots to Picket Thursday at Hartsfield-Jackson and Other ... - Aviation Pros
2022-08-31,Form N-PX T. Rowe Price Global For: Jun 30 - StreetInsider.com
2022-09-04,"A New, Non-Addictive Pain Killer With Fewer Side Effects - SciTechDaily"
2022-09-05,Dividend Income Summary: Lanny's August 2022 Summary - Seeking Alpha
2022-09-05,Clinical characteristics and outcomes in those with primary ... - BMC Gastroenterology
2022-09-06,Your Harlow - Your Harlow
2022-09-07,“You’re really here for a panel dispute?” – WCJ - JD Supra
2022-09-07,The Mayhem for API Difference – A ZAP – API Scan Comparison - Security Boulevard
2022-09-08,Cole Haan Defies Convention Again With the Launch of the 5 ... - PR Newswire
2022-09-09,Vision Christian Radio News Reader and Writer - RadioInfo Australia - Radioinfo
2022-09-09,"Rieti, Trofeo Perseo - tutti i risultati del meeting - Queen Atletica"
2022-09-09,"UPS aims to hire 100,000 seasonal workers | Business | news ... - Longview News-Journal"
2022-09-11,Hamilton says F1 should extend races instead of ending them ... - RaceFans
2022-09-11,BREAKING: 'Moana' and 'Zootopia' Replacing Dinoland U.S.A. at ... - WDW News Today
2022-09-12,"Our favorite product releases this week: Tower28, Everlane, Brooklinen and more - CNN"
2022-09-12,CanCollar® X Is Newest Solution Automated by Patented CanCollar ... - businesswire.com
2022-09-12,DSU Rises To No. 2 Public HBCU In College Rankings - Town Square Delaware
2022-09-13,"Texas among worst states in U.S. for workers, study finds - Longview News-Journal"
2022-09-13,$22 an hour for fast-food workers in California? - Longview News-Journal
2022-09-13,Why You Should Be Optimistic About Josh D'Amaro & The Future of ... - WDW News Today
2022-09-14,TeamWRK's Joseph Shayne and Jennifer Blalock Create a Safe ... - MEFeater
2022-09-14,"Sena, BJP spar after Maharashtra loses multi-crore project to Gujarat - India Today"
2022-09-16,"FedEx Warning Drags Down Amazon and Other E-Commerce, Packaging Shares - Barron's"
2022-09-16,"Stocks making the biggest moves premarket: FedEx, International Paper, Uber and more - CNBC"
2022-09-16,Should you give up Slack? Why these founders are sick of it. - Protocol
2022-09-16,"Why International Paper, WestRock, and Packaging Corp. Stocks All ... - The Motley Fool"
2022-09-17,Wall Street Breakfast: What Moved Markets - Seeking Alpha
2022-09-19,WestRock Stock Is A Clear Buy At This Price (NYSE:WRK) - Seeking Alpha
2022-09-19,The S&P 500 sank 5% in a very bad week for stocks. These 20 lost as much as 24%. - MarketWatch
2022-09-19,Planning For Rising Stock Prices - Weekly Blog # 751 - Seeking Alpha
2022-09-19,Hoop Heroes is Netease Games' 3v3 basketball simulation title now ... - GamingonPhone
2022-09-20,“They Said They Want 65% From My Music”: Carter Efe’s Angry Rant ... - Legit.ng
2022-09-20,FedEx shadow hangs over paper and packaging stocks - Seeking Alpha
2022-09-20,Is There Now An Opportunity In Pactiv Evergreen Inc. (NASDAQ:PTVE)? - Simply Wall St
2022-09-21,Real Ventures swaps managing partners as firm pauses fundraising - BetaKit - Canadian Startup News
2022-09-22,Türkiye'de İlteriş Kutluk Kağan Yazıtı tanıtılacak - qha.com.tr
2022-09-22,Why UPS Stock Just Dropped - The Motley Fool
2022-09-23,"Dem Party Leader Counters Rape Claim, Says Sex Audio Indicates ... - Times of San Diego"
2022-09-23,Major! NFL Announce Apple Music as New Super Bowl Halftime Show Sponsor Replacing Pepsi - ThatGrapeJuice
2022-09-26,"WestRock Company's (NYSE:WRK) recent 6.0% pullback adds to one-year year losses, institutional owners may take drastic measures - Simply Wall St"
2022-09-27,Packaging Corporation Of America Stock Is A Long Term Buy (NYSE ... - Seeking Alpha
2022-09-27,"S|W: The SaaS Weekly – Meta, Google quietly cut staff, Trulioo exits ... - BetaKit - Canadian Startup News"
2022-09-28,"कनाडा स्थित लखबीर लांडा गिरोह से जुड़ा गैंगस्टर बिहार से गिरफ्तार, DGP ... - Dainik Savera Times"
2022-09-28,A|I: The AI Times – Raptors analytics department puts a number on ... - BetaKit - Canadian Startup News
2022-09-29,Moms Have Been Quiet Quitting For Decades—Will Executives Hear ... - Forbes
2022-09-29,H|T: The Healthtech Times – Lumira starts hedge fund to target ... - BetaKit - Canadian Startup News
2022-09-29,R|T: The Retail Times – Affirmed partnerships - BetaKit - Canadian Startup News
2022-09-30,"Washington is stuck with a travel nurse dilemma, pitting care against ... - wenatcheeworld.com"
2022-09-30,Tory Lanez Explains ‘Sorry 4 What’ Title And Drops Video For “Why Did I” - Yahoo Entertainment
2022-09-30,These 20 stocks in the S&P 500 tumbled between 20% and 30% in September - MarketWatch
2022-09-30,Tory Lanez – Sorry 4 What (Album Review) - Ratings Game Music
2022-09-30,Tory Lanez – Where 2 Start Lyrics - Genius
2022-09-30,USD/CAD: Loonie Set for Worst Monthly Close Against Greenback ... - Investing.com Canada
2022-09-30,Tory Lanez – Hennessy Memories Lyrics - Genius
2022-09-30,Album: Tory Lanez ‘Sorry 4 What’ - Rap Radar
2022-10-01,Celebrate Coffee and Architecture With These Stand-out Brewing ... - Archinect
2022-10-02,"Stocks to Buy, Most Likely to Increase Dividends in 6 Months: UBS - Business Insider"
2022-10-03,Unilever Stock: Changes In Client Demand Might Not Be At Risk - Seeking Alpha
2022-10-04,First Look: WTB's HTZ E-Bike Wheels Are Designed For Toughness ... - Pinkbike.com
2022-10-05,Amcor Stock: An Upgrade Is Warranted (NYSE:AMCR) - Seeking Alpha
2022-10-05,WestRock to close Corrugated Medium Operations at St. Paul ... - businesswire.com
2022-10-05,Investing Locally to Drive Impact Nationally - Comcast Corporation
2022-10-06,"WestRock cutting jobs, shutting down part of giant St. Paul cardboard plant - The Business Journals"
2022-10-06,UBCO 2X2ADV Electric Bike Is Now Available In Black - RideApart
2022-10-07,Westrock Coffee Stock: Worth Your Attention (NASDAQ:WEST) - Seeking Alpha
2022-10-08,The Retiree's Dividend Portfolio - John's August Update - Seeking Alpha
2022-10-10,"Beauty salon fired nail technician by text, ordered to pay $35k - Stuff"
2022-10-10,Intel Core i7-1165G7 2.5GbE Box Running VMware ESXi and pfSense - ServeTheHome
2022-10-11,Black Future Co-op Fund Is Changing Washington Philanthropy - Seattle Met
2022-10-12,STAPLE Cole Haan OriginalGrand Wingtip Ultra Wingtip Oxford - KicksOnFire.com
2022-10-13,Building A Better International Paper: Attractive At 5.87% Dividend ... - Seeking Alpha
2022-10-13,These 10 Dividend Growing Stocks Are Crushing Social Security's ... - Forbes
2022-10-14,Wilmington Recognizes Outstanding Community Service with its ... - wilmingtonde.gov
2022-10-14,"High-rise apartment, retail building pitched for Bankhead - Urbanize"
2022-10-15,Disney Genie+ Reaches Highest Price Ever at Walt Disney World ... - WDW News Today
2022-10-16,Crystal Ball Dividend Hikes: Likely Payouts in the Offing - Yahoo Finance
2022-10-16,Graphic Packaging: Expect Outperformance To Continue (NYSE:GPK) - Seeking Alpha
2022-10-17,Fact Mix 879: k means - FACT
2022-10-17,10 reasons why New Jersey is better than Montana - NJ.com
2022-10-18,International Paper and Packaging Corp are cut to Sell at Deutsche ... - Seeking Alpha
2022-10-18,Why Shopify Developers are the Best Options for Your Next ... - New York Daily Gazette
2022-10-19,Criticism Floods Japanese Social Media Over Risqué Halloween ... - WDW News Today
2022-10-20,Genpact Larger Than S&P 500 Component WestRock - Nasdaq
2022-10-20,"The stock market is still on a 'sell' signal, according to technical indicators - MarketWatch"
2022-10-20,"WestRock Co. stock falls Thursday, underperforms market - MarketWatch"
2022-10-21,Time For Small-Cap Value Stocks: Long-Term Opportunities In GBX & WRK - Forbes
2022-10-21,"LA Lakers fans in disarray after team falls against rival Clippers: ""LeBum, Westbrick, Davis getting carried by somebody called Lonnie Walker"", ""Lakers are 19/85 from 3 in their first two games"" - Sportskeeda"
2022-10-22,Buccaneer Defense Stifles Lake Forest – Town Square Delaware LIVE - Town Square Delaware
2022-10-24,Apollo Commercial Real Estate Finance Tops Q3 EPS by 2c By ... - Investing.com Canada
2022-10-25,Packaging Corporation of America: Comments On Q3 Results ... - Seeking Alpha
2022-10-26,Longtime Wilmington Councilwoman Loretta Walsh Dead At 73 ... - Town Square Delaware
2022-10-26,34-Year-Old Woman Jogging in Central Park Struck From Behind by ... - westsiderag.com
2022-10-26,Petrobras: 35% Dividend? Still Not Worth The Risk | Investing.com CA - Investing.com Canada
2022-10-26,Closing Bell: WA1 finds a shirt-loadium of niobium; Inflation jumps and the ASX200 rises fast to fall all ... - Stockhead
2022-10-27,A seasonal stock market trade that tends to be reliable begins Thursday - MarketWatch
2022-10-27,Rise and Shine: Everything you need to know before the ASX opens - Stockhead
2022-10-28,"Osler congratulates 11 clients among the 2022 CIX Top 20 early ... - Osler, Hoskin & Harcourt LLP"
2022-10-28,The Prudent Speculator Industrial Sector Small-Cap Value Bargains: MAN & HURC - Forbes
2022-10-28,Inequalities among staff harmed by patient safety incidents should ... - The BMJ
2022-10-29,Anupamaa: Fans of Rupali Ganguly-Gaurav Khanna show cringe at the thought of PaDhik romance in Kapadia House - Bollywood Life
2022-10-30,Minn. AG goes after Shipt | From the Wire Business | leadertelegram ... - Leader-Telegram
2022-11-01,9 Expected Dividend Increases In November 2022 - Seeking Alpha
2022-11-01,Portfolio Income Rises As We Deploy Cash Reserves - Seeking Alpha
2022-11-01,Sonoco Products Company (SON) Q3 2022 Earnings Call Transcript - Seeking Alpha
2022-11-01,"Job Market Refuses to Soften, Fed Gets More Stuffing for Rate Hikes ... - WOLF STREET"
2022-11-02,"WestRock Co. stock falls Wednesday, still outperforms market - MarketWatch"
2022-11-03,Maintain a bearish stance after the Federal Reserve cast a pall over the stock market - MarketWatch
2022-11-03,Sealed Air Corp. stock underperforms Thursday when compared to competitors - MarketWatch
2022-11-04,GALA Token Plunges 20% As Play-To-Earn Platform Hacks Itself As ... - Investing.com UK
2022-11-04,"""My Wife Is Wicked"": Man Kicked Out By Lover in London Laments ... - Legit.ng"
2022-11-06,Heidi Ganahl to speak at El Paso County Rally - FOX21News.com
2022-11-06,This Instagram Influencer Pleads Guilty To Scramming His Fans Out ... - Investing.com UK
2022-11-07,Dividend Income Summary: Lanny's October 2022 Summary - Seeking Alpha
2022-11-07,Factors Setting the Tone for WestRock's (WRK) Q4 Earnings - Zacks Investment Research
2022-11-07,ASX Small Caps Lunch Wrap: Who wants a timely lesson in how to hedge your bets? - Stockhead
2022-11-07,Morning Report: Sean O’Malley suggests interim title fight with ‘Chito’ Vera if Aljamain Sterling wants to si… - MMA Fighting
2022-11-07,Factors to Note Ahead of Norwegian Cruise (NCLH) Q3 Earnings - Zacks Investment Research
2022-11-08,Contract to build new berth for the historic Spurn Lightship goes to Hull firm - Hull Live
2022-11-08,"FTT token slides another 18%, Bitcoin wobbles as pressure mounts ... - Investing.com Canada"
2022-11-08,"Washington, D.C., Travel Guide 2022 - A Design Lover's Guide to ... - ELLE Decor"
2022-11-09,WestRock Q4 2022 Earnings Preview (NYSE:WRK) - Seeking Alpha
2022-11-09,WestRock to sell stake in RTS Packaging to Sonoco Products for ... - Seeking Alpha
2022-11-09,"[11/8/2022] 5-Day Consistent Outperformers: BA, EOG, NVDA, GE ... - Trefis"
2022-11-09,"WestRock To Sell Ownership Interest in RTS Packaging, LLC to ... - businesswire.com"
2022-11-09,Pactiv Evergreen Third Quarter 2022 Earnings: Beats Expectations - Simply Wall St
2022-11-10,"Bragg Gaming Group, Inc. (BRAG) Q3 2022 Earnings Call Transcript - Seeking Alpha"
2022-11-10,Markets Today: Stocks Rocket Higher as U.S. Inflation Concerns Ease - Barchart
2022-11-10,Pre-Market Brief: Stocks Mixed Ahead of Key U.S. Inflation Data - Barchart
2022-11-10,WestRock Company (WRK) Q4 2022 Earnings Call Transcript - Seeking Alpha
2022-11-10,"Midweek Blues, CPI Watch, Crypto No Deal, Follow the Curve, 3 ... - RealMoney"
2022-11-10,WestRock stock dips despite record quarterly sales (NYSE:WRK) - Seeking Alpha
2022-11-10,WestRock Reports Fiscal 2022 Fourth Quarter Results - Yahoo Finance
2022-11-10,"WestRock (WRK) Earnings Surpass Estimates in Q3, Up Y/Y - Nasdaq"
2022-11-10,Futures Point Higher Thursday; Consumer Prices Expected to Rise ... - InvestorsObserver
2022-11-11,Clacton martial arts club has won more than 100 medals since May ... - Daily Gazette
2022-11-11,"Truist Securities Lowers Price Target on WestRock Company to $35 From $40, Maintains Hold Rating - Marketscreener.com"
2022-11-11,"SK Telecom ADR Earnings, Revenue miss in Q3 By Investing.com - Investing.com Canada"
2022-11-12,Delaware holiday food giveaways: Where to find support this year - The News Journal
2022-11-13,WestRock (NYSE:WRK) PT Raised to $46.00 at Wells Fargo ... - ETF Daily News
2022-11-13,Maratona - Alessandro Giacobazzi e Giulia Sommi campioni italiani ... - Queen Atletica
2022-11-14,Research Analysts' Weekly Ratings Changes for Trade Desk (TTD) - Armenian Reporter
2022-11-14,Seaport Res Ptn Analysts Increase Earnings Estimates for Ovintiv ... - Armenian Reporter
2022-11-14,"Brokers Set Expectations for Global Indemnity Group, LLC's Q4 ... - Armenian Reporter"
2022-11-14,Redfin (NASDAQ:RDFN) Price Target Lowered to $4.00 at Wedbush - Armenian Reporter
2022-11-14,JPMorgan Chase & Co. Analysts Give Oracle (NYSE:ORCL) a ... - Armenian Reporter
2022-11-14,"Q4 2022 EPS Estimates for Avid Technology, Inc. (NASDAQ:AVID ... - Armenian Reporter"
2022-11-14,SG Americas Securities LLC Sells 2806 Shares of Nexstar Media ... - Armenian Reporter
2022-11-14,Mizuho Cuts Rivian Automotive (NASDAQ:RIVN) Price Target to ... - Armenian Reporter
2022-11-14,JMP Securities Cuts Sonder (NASDAQ:SOND) Price Target to $3.25 - Armenian Reporter
2022-11-14,Los Angeles Capital Management LLC Sells 303505 Shares of ... - Armenian Reporter
2022-11-14,OLD Mission Capital LLC Makes New Investment in Slam Corp ... - Armenian Reporter
2022-11-14,Manulife Financial (TSE:MFC) Price Target Raised to C$24.50 - Armenian Reporter
2022-11-14,"Q1 2023 Earnings Estimate for Invivyd, Inc. (NASDAQ:IVVD) Issued ... - Armenian Reporter"
2022-11-14,"Live-in में रहने वाले प्रेमी ने प्रेमिका को उतारा मौत के घाट, शव के किए 35 ... - Dainik Savera Times"
2022-11-14,"Binance to launch 'industry recovery fund' for crypto, CEO says By ... - Investing.com Canada"
2022-11-14,Orlando Jingle Runs and Holiday Races for Festive Fun - Orlando Date Night Guide
2022-11-14,Packaging Corp. of America stock outperforms market on strong trading day - MarketWatch
2022-11-14,West End Return of Tony-Winning The Lehman Trilogy Finds Its Stars - Playbill
2022-11-14,ARC Resources Ltd. (TSE:ARX) Given Consensus ... - Armenian Reporter
2022-11-15,Modiv (NYSE:MDV) Now Covered by LADENBURG THALM/SH SH - Armenian Reporter
2022-11-15,"वेटलिफ्टर विकास ठाकुर ने Himachal का नाम किया रोशन, अर्जुन अवार्ड से ... - Dainik Savera Times"
2022-11-15,"SAN PIETRO IN CARIANO. “Fate il vostro gioco’’, al via il talk - cronacadiverona.com"
2022-11-15,"Sealed Air Corp. stock rises Tuesday, still underperforms market - MarketWatch"
2022-11-15,"John Dorfman: Capital One, Kelly Services selling below book value - TribLIVE"
2022-11-16,Alimentation Couche-Tard (OTCMKTS:ANCTF) PT Raised to C$70.00 - Armenian Reporter
2022-11-17,Boost Your Retirement Portfolio With These 2 High-Quality Dividend ... - Investing.com Canada
2022-11-17,Antitrust chair Klobuchar questions Ticketmaster's dominance after ... - INFORUM
2022-11-17,WestRock Announces Participation in Upcoming Investor Conference - businesswire.com
2022-11-17,Three seasonal effects in the stock market begin around Thanksgiving - MarketWatch
2022-11-18,Clearlake Capital-Backed IPG Names Protective Packaging Veteran ... - GlobeNewswire
2022-11-19,भरमौर में पांच दिवसीय जनजातीय गौरव दिवस समारोह का हुआ विधिवत समापन - Dainik Savera Times
2022-11-23,Sealed Air Corp. stock underperforms Wednesday when compared to competitors - MarketWatch
2022-11-23,What You Missed About Graphic Packaging Holding Company ... - Stocks Register
2022-11-26,Bear-market rally gains momentum as stocks head into positive end-of-year sentiment - MarketWatch
2022-11-27,CoreCap Advisors LLC Invests $75000 in WestRock (NYSE:WRK) - ETF Daily News
2022-11-28,अमेरिकी डॉलर के मुकाबले रुपया छह पैसे गिरकर 81.77 पर आया - Dainik Savera Times
2022-11-29,adidas Cultivate & B.L.O.O.M. Program Elevates Black and Latinx ... - adidas
2022-11-30,WestRock (NYSE:WRK) Stake Boosted by UBS Group AG - ETF Daily News
2022-11-30,These 33 Women in Business Are Industry Leaders in Delaware - Delaware Today
2022-12-01,WestRock Company: Reasonably Priced But There Are Red Flags ... - Seeking Alpha
2022-12-01,WestRock: Get Paid To Participate In E-Commerce Growth (NYSE ... - Seeking Alpha
2022-12-01,The S&P 500 is on the cusp of breaking through a level that might spell the end of the bear market - MarketWatch
2022-12-02,"WestRock (WRK) Acquires Grupo Gondi, Expands in Latin America - Nasdaq"
2022-12-06,"WestRock Co. stock falls Tuesday, still outperforms market - MarketWatch"
2022-12-07,"TRAFFIC, TRANSIT, WEATHER: Wednesday info | West Seattle Blog... - West Seattle Blog"
2022-12-08,NERDiT NOW moves to Riverside’s Opportunity Center - Delaware Business Times
2022-12-08,"Students encouraged to 'dream it, be it' | Local News - Milton Daily Standard"
2022-12-08,"If the stock market breaks down past this level, the drop could be big. - MarketWatch"
2022-12-12,"UBS Adjusts WestRock Price Target to $45 From $43, Maintains Buy Rating - Marketscreener.com"
2022-12-13,"WestRock (NYSE:WRK) Given Consensus Rating of ""Hold"" by ... - MarketBeat"
2022-12-13,Tracking Alex Roepers' Atlantic Investment Management Portfolio ... - Seeking Alpha
